Year,District,Recharge From Rain Fall During Monsoon Season in Ham,Recharge From Other Sources During Monsoon Season in Ham,Recharge From Rain Fall During Non Monsoon Season in Ham,Recharge From Other Sources During Non Monsoon Season in Ham,Total Annual Recharge in Ham,Natural Discharge During Non Monsoon Season In Ham,Net Ground Water Availability in Ham,Existing Gross Ground Water Draft for Irrigation in Ham,Existing Gross Ground Water Draft for Domestic & Industrial Water Supply in Ham,Existing Gross Ground Water Draft for All Uses in Ham,Allocation For Domestic & Industrial Water Supply in Ham,Net Ground Water Availability for Future Irrigation Development in Ham,Stage of Ground Water Development in %,
2013,AGAR,36674.73,2061.45,0,8251.14,46987.32,2349.37,44637.95,37308.18,1272.29,38580.47,1790.1,5539.67,86.43,
2013,ALIRAJPUR,19191.82,823.1,0,1448.74,21463.66,1073.18,20390.48,4750.28,2213.72,6964,5824,9816.2,34.15,
2013,ANUPUR,33590.79,95.36,5577.68,233.85,39497.68,1974.89,37522.79,1122.34,1209.16,2331.5,2700.4,33700.05,6.21,
2013,ASHOKNAGAR,36014.15,1787.64,0,6046.9,43848.69,2192.51,41656.18,19542.35,1602.5,21144.85,2584,19529.83,50.76,
2013,BADWANI,36922.22,1608.16,0,5775.65,44306.03,2215.3,42090.73,31115.06,3242.63,34357.69,4714.6,6261.07,81.63,
2013,BALAGHAT,83218.32,3972.9,8090.86,2730.51,98012.59,4900.97,93111.62,10860.16,3178.92,14039.08,4145,78106.46,15.08,
2013,BETUL,94253.18,3660.07,11957.14,11055.68,120926.1,6000.13,114925.94,62997.1,3475.04,66472.14,4914,47014.84,57.84,
2013,BHIND,52460.95,793.56,1546.75,11341.93,66143.19,3332.85,62810.34,23723.56,2860.69,26584.25,8094,30992.78,42.32,
2013,BHOPAL,32025.09,1913.4,0,5630.96,39569.45,1978.47,37590.98,24889.03,2874.92,27763.95,3512.71,9189.24,73.86,
2013,BURHANPUR,28866.6,913.96,0,4275.55,34056.11,1702.81,32353.3,24460.62,1212.39,25673.01,1562,6330.68,79.35,
2013,CHHATARPUR,65915.85,3698.68,0,14049.49,83664.02,4156.91,79507.11,46826.13,3196.17,50022.3,4618.01,28062.97,62.92,
2013,CHHINDWARA,103113.36,4312.48,11904.87,14033.34,133364.1,6668.27,126695.78,66603.33,5474.03,72077.36,7279,52813.45,56.89,
2013,DAMOH,30727.61,1579,0,8960.48,41267.09,2063.36,39203.73,22773.4,2301.39,25074.79,3254.51,13175.82,63.96,
2013,DATIA,30023.02,766.82,0,7025.73,37815.57,1890.6,35924.97,15362.68,1274.69,16637.37,1954,18608.29,46.31,
2013,DEWAS,71679.07,3016.28,2670.07,11404.21,88769.63,4438.45,84331.18,67877.65,4066.48,71944.13,4955.03,11498.5,85.31,
2013,DHAR,84510.7,4664.9,0,20377.75,109553.4,5481.52,104071.83,79322.11,5337.12,84659.23,10632.42,14117.3,81.35,
2013,DINDORI,39718.11,119.17,4682.65,396.97,44916.9,2243.87,42673.03,1350.29,1397.26,2747.55,1715,39607.74,6.44,
2013,GUNA,64983.8,3607.01,0,12073.02,80663.83,4045.51,76618.32,38692.19,2625.89,41318.08,3498.81,34427.32,53.93,
2013,GWALIOR,38069.48,4664.33,562.86,15572.82,58869.49,3013.17,55856.32,19811.88,1484.87,21296.75,6090.31,29954.13,38.13,
2013,HARDA,38346.24,2598.48,0,15558.05,56502.77,2815.83,53686.94,14155.84,1010.13,15165.97,1329,38202.1,28.25,
2013,HOSHANGABAD,148471.94,10274.43,0,60539.74,219286.1,10963.87,208322.24,39242.87,3067.7,42310.57,4349,164730.37,20.31,
2013,INDORE,44562.76,4116.67,0,13134.42,61813.85,3090.77,58723.08,65164.51,3721.02,68885.53,4501.77,-10943.2,117.31,
2013,JABALPUR,53095.45,2668.53,980.43,6627.1,63371.51,3169.37,60202.14,25989.84,3500.83,29490.67,5198,29014.3,48.99,
2013,JHABUA,21844.53,787.69,0,2184.05,24816.27,1240.31,23575.96,9000.64,2542.3,11542.94,5689.44,8885.88,48.96,
2013,KATNI,35274.65,1841.98,0,4802.18,41918.81,2095.59,39823.22,13609.97,2640.66,16250.63,4528,21685.25,40.81,
2013,KHANDWA,70273.8,2012.27,0,10446.48,82732.55,4136.82,78595.73,48690.44,2934.56,51625,4976,24929.29,65.68,
2013,KHARGONE,59372.35,3184.01,0,12771.42,75327.78,3713.65,71614.13,48826.49,3698.67,52525.16,5923.44,16864.2,73.34,
2013,MANDLA,49542.28,854.68,6601.47,3815.77,60814.2,2867.25,57946.95,6090.69,2405.35,8496.04,3359.61,48496.65,14.66,
2013,MANDSAUR,46294.84,2459.51,0,11364.78,60119.13,3005.96,57113.17,54142.79,2979.39,57122.18,3352.55,-382.17,100.02,
2013,MORENA,42924.13,868.68,694.25,20366.68,64853.74,3254.6,61599.14,19609.61,4487.31,24096.92,9549.51,32440.02,39.12,
2013,NARSINGHPUR,110324.93,3673.57,0,17905.89,131904.4,6595.25,125309.14,81427.18,2222.12,83649.3,3066.08,40815.88,66.75,
2013,NEEMUCH,31855.76,3758.56,0,7610.23,43224.55,2161.23,41063.32,32576.45,1644.67,34221.12,1973,6513.87,83.34,
2013,PANNA,53572.84,732.98,0,3017.86,57323.68,2866.18,54457.5,13326.22,1915.83,15242.05,3536,37595.28,27.99,
2013,RAISEN,82252.15,3143.19,0,8999.3,94394.64,4656.72,89737.92,37548.25,3310.34,40858.59,4412,47777.67,45.53,
2013,RAJGARH,83148.57,3719.62,0,11829.17,98697.36,4934.87,93762.49,71529.52,3165.76,74695.28,4811.23,17421.74,79.66,
2013,RATLAM,57659.69,4955.58,0,18595.7,81210.97,4060.54,77150.43,95656.9,2592.92,98249.82,3268.51,-21774.98,127.35,
2013,REWA,50181.32,1272.86,3571.69,10017.67,65043.54,3184.23,61859.31,26197.55,5028.44,31225.99,6205,29456.76,50.48,
2013,SAGAR,108423.48,3640.5,0,15607.78,127671.8,6383.6,121288.16,70597.54,3013.65,73611.19,8255,42435.62,60.69,
2013,SATNA,47623.63,2879.56,3248.95,10951.52,64703.66,3322.85,61380.81,39664.57,4793.54,44458.11,6459.35,15256.89,72.43,
2013,SEHORE,67863.68,3918.88,0,14792.49,86575.05,4328.75,82246.3,50999.57,2375.16,53374.73,5787,25459.73,64.9,
2013,SEONI,72003.21,1475.54,3608.77,4878.39,81965.91,4098.17,77867.74,20440.37,3210.04,23650.41,9115.39,48311.98,30.37,
2013,SHAHDOL,59265.54,236.48,7158.85,986.92,67647.79,3380.31,64267.48,2420.92,2107.21,4528.13,5283,56563.56,7.05,
2013,SHAJAPUR,49259.82,2849.13,0,9820.81,61929.76,3096.49,58833.27,57711.43,2090.06,59801.49,2336.24,-1214.4,101.65,
2013,SHEOPUR,31760.05,649.17,0,13781.95,46191.17,4127.55,42063.62,14015.12,1337,15352.12,1781,26267.5,36.5,
2013,SHIVPURI,62231.56,3176.11,0,13329.33,78737,4450.25,74286.75,48341.24,3356.44,51697.68,4617.56,21327.95,69.59,
2013,SIDHI,27564.01,598.9,3514.15,2689.5,34366.56,1699.42,32667.14,7180.12,2640.52,9820.64,3576,21911.02,30.06,
2013,SINGRAULI,34125.66,728.73,0,2237.42,37091.81,1854.6,35237.21,8728.29,2488.1,11216.39,4170.79,22338.13,31.83,
2013,TIKAMGARH,41738.47,2681.19,0,10498.45,54918.11,2745.9,52172.21,35228.51,2830.15,38058.66,6032.89,10910.81,72.95,
2013,UJJAIN,78204.33,4718.53,0,18410.43,101333.3,5066.66,96266.63,87195.07,3048.53,90243.6,3805.04,5266.52,93.74,
2013,UMARIA,41465.73,366.13,5916.7,897.93,48646.49,2432.33,46214.16,3866.29,1377.94,5244.23,4024.6,38323.27,11.35,
2013,VIDISHA,76186.97,2296.53,0,10540.86,89024.36,4447.23,84577.13,46353.86,3406.81,49760.67,5648.52,32574.75,58.83,
2015,AGAR,35303.01,2296.63,0,8590.66,46190.3,2309.52,43880.78,37914.99,1317.36,39232.35,1808.43,4157.37,89.41,
2015,ALIRAJPUR,17398.71,853.06,0,1582.19,19833.96,987.14,18846.82,5186.01,2151.21,7337.22,4678.47,8982.34,38.93,
2015,ANUPUR,29914,99,5577.47,251,35841.47,1790,34051.47,1267,1412,2679,3705,29079.47,7.87,
2015,ASHOKNAGAR,32891.48,2147.09,0,7925.46,42964.03,2148.25,40815.78,19690.83,1644.89,21335.72,2599.34,18525.61,52.27,
2015,BADWANI,39865.82,1649.35,0,6091.2,47606.37,2380.34,45226.03,34996.81,3236.25,38233.06,6570.58,3658.64,84.54,
2015,BALAGHAT,81114.57,4038.89,8090.84,2873.63,96117.93,4804.16,91313.77,11742.46,3436.35,15178.81,4549.57,75021.74,16.62,
2015,BETUL,82972.63,4241.98,11440.61,12484.86,111140.08,5538.14,105601.94,63957.15,3297.04,67254.19,8105.82,33538.97,63.69,
2015,BHIND,58527.62,1162.97,2097,12644.94,74432.53,3689.49,70743.04,21940.69,2901.65,24842.34,8322.4,40479.95,35.12,
2015,BHOPAL,31012,1978,0,5816,38806,1940,36866,27019,2425,29444,3512.71,6334.29,79.87,
2015,BURHANPUR,30765,1047,0,4863,36675,1833,34842,24949,1670,26619,3063,6830,76.4,
2015,CHHATARPUR,65560.82,3924.96,0,14657.34,84143.12,4207.17,79935.95,47561.97,3129.16,50691.13,6017.84,26356.14,63.41,
2015,CHHINDWARA,94645.95,4142,11904.87,13415,124107.82,6206.08,117901.74,62574.18,3847.82,66422,5511,49816.56,56.34,
2015,DAMOH,30854.85,1615.2,0,9248.68,41718.73,2086.46,39632.27,23017.94,2223.43,25241.37,3719.3,12895.03,63.69,
2015,DATIA,31274,736,0,6631,38641,1938,36703,14614.07,1334.37,15948.44,1784.69,20304.24,43.45,
2015,DEWAS,72240.6,3199.51,0,14823.66,90263.77,4513.23,85750.54,69866.95,4472.56,74339.51,5703.86,10179.73,86.69,
2015,DHAR,85303,4963,0,20934,111200,5533,105667,82906,5401,88307,11313.14,11447.86,83.57,
2015,DINDORI,36082,123,4682.05,408,41295.05,2080,39215.05,1925.09,1555.91,3481,1899,35390.96,8.88,
2015,GUNA,67641.9,4550.69,0,14356.53,86549.12,4340.3,82208.82,43024.86,2664.71,45689.57,3841.47,35342.49,55.58,
2015,GWALIOR,38965,7661,1314,17581,65521,3278,62243,19650,1506,21156,4799.82,37793.18,33.99,
2015,HARDA,36182,2852.62,0,15714,54748.62,2738,52010.62,13853.2,1064.8,14918,1429,36728.42,28.68,
2015,HOSHANGABAD,144952,10238.72,0,60982,216172.72,10827,205345.72,39510.32,2001.68,41512,3031,162804.4,20.22,
2015,INDORE,44346,4219,0,13395,61960,3098,58862,66917,3139,70056,3556,-11611,119.02,
2015,JABALPUR,54550,2710,1070,7258,65588,3263,62325,26294,2699,28993,5219.37,30811.63,46.52,
2015,JHABUA,20845.39,835.77,0,2384.07,24065.23,1201.36,22863.87,10292.45,2515.47,12807.92,6047.41,6524.01,56.02,
2015,KATNI,34643,1848.23,0,4813.11,41304.34,2069,39235.34,13636,2434,16070,4037.26,21562.08,40.96,
2015,KHANDWA,69207.02,2865.77,0,13372.47,85445.26,4272.87,81172.39,45931.46,2670.43,48601.89,4471.19,30769.74,59.87,
2015,KHARGONE,64912.12,2614.52,0,14786.56,82313.2,4115.23,78197.97,45817.99,3893.85,49711.84,7093.15,25286.83,63.57,
2015,MANDLA,48439.76,861.53,6601.47,3836.94,59739.7,2961.72,56777.98,6154.51,2175.57,8330.08,3283.96,47339.51,14.67,
2015,MANDSAUR,47866.63,2497.8,0,11487.43,61851.86,3092.59,58759.27,56047.52,3067.16,59114.68,3391.96,-680.21,100.6,
2015,MORENA,42818,907,946,20521,65192,3261,61931,19786,4597,24383,9536,32609,39.37,
2015,NARSINGHPUR,113331.36,3627.82,0,17813.79,134772.97,6585.42,128187.55,81175.7,2053.4,83229.1,3241.94,43769.91,64.93,
2015,NEEMUCH,31606.41,3891.08,0,7781.51,43279,2163.94,41115.06,33218.02,1581.78,34799.8,1973,5924.04,84.64,
2015,PANNA,52867.23,1005.8,0,3635.03,57508.06,3403.18,54104.88,14143.4,1906.94,16050.34,3790.57,36170.91,29.67,
2015,RAISEN,80332.43,3201.33,0,9225.11,92758.87,4637.96,88120.91,39356.67,3500.32,42856.99,4713.69,44050.55,48.63,
2015,RAJGARH,77900.34,3941.27,0,12222.84,94064.45,4703.21,89361.24,69741.29,3385.75,73127.04,6436,13183.95,81.83,
2015,RATLAM,58484.68,5209.91,0,19594.69,83289.28,4164.51,79124.77,97242.67,2837.97,100080.64,3452.09,-21569.99,126.48,
2015,REWA,48647.7,2382.85,4738.2,12506.25,68275,3504.61,64770.39,30856.42,2661.36,33517.78,4734.14,29179.83,51.75,
2015,SAGAR,106240.52,4212.74,0,16590.17,127043.43,6339.12,120704.31,71966.84,3119.9,75086.74,6124.55,42612.92,62.21,
2015,SATNA,46682.8,3332,4461.09,13695.41,68171.3,3691.51,64479.79,39031.14,3625.46,42656.6,5598.4,19850.25,66.15,
2015,SEHORE,62971.78,7156.66,0,13794.3,83922.74,4122.4,79800.34,46516.02,2483.9,48999.92,5879.93,27404.39,61.4,
2015,SEONI,67032.46,1533,3608.77,5081.79,77256.02,3865,73391.02,22945,2882,25827,8616.28,41829.74,35.19,
2015,SHAHDOL,56258.2,243.5,7158.85,1010.64,64671.19,3234.28,61436.91,2604.67,2012.58,4617.25,5435.75,53396.49,7.52,
2015,SHAJAPUR,49653.63,2991.53,0,10157.92,62803.08,3140.15,59662.93,59573.25,2153.3,61726.55,2325.47,-2235.79,103.46,
2015,SHEOPUR,31609.93,781.52,0,17641.46,50032.91,4525.19,45507.72,14096.39,1344.72,15441.11,2467.96,28943.37,33.93,
2015,SHIVPURI,64566.33,3227.49,0,13278.75,81072.57,4592.4,76480.17,48219.83,3309.95,51529.78,4666.61,23593.73,67.38,
2015,SIDHI,27248.11,596.91,3514.15,2676.35,34035.52,1686.33,32349.19,7002.47,2430.22,9432.69,4212.61,21134.11,29.16,
2015,SINGRAULI,33099.17,731.89,0,2249.53,36080.59,1810.84,34269.75,8606.55,2071.39,10677.94,3747.02,21916.18,31.16,
2015,TIKAMGARH,38545.04,2570.23,0,10307.29,51422.56,2566.12,48856.44,33863.96,2891.9,36755.86,6114.04,8878.44,75.23,
2015,UJJAIN,76923.12,4868.79,0,19074.62,100866.53,5043.92,95822.61,87930.65,3425.43,91356.08,4620.61,3271.35,95.34,
2015,UMARIA,41574,372.98,5916.66,925.64,48789.28,2442.51,46346.77,4052,1301.69,5353.69,3661.87,38632.9,11.55,
2015,VIDISHA,79012.89,2445.03,0,11196.15,92654.07,4633.18,88020.89,47698.43,3214.51,50912.94,6381.78,33940.68,57.84,
2017,AGAR,33211,2452,0,8724,44386,2219,42167,37652.02,1497.48,39149.51,1746.16,5474.8,92.84,
2017,ALIRAJPUR,17303.91,761.64,0,1599.22,19664.77,1385.62,18279.15,5781.41,2446.13,8227.54,2374.84,9755.99,45.01,
2017,ANUPUR,30420,101,5577,269,36367,1818,34549,1307,1447.3,2754.3,1469,31556.27,7.97,
2017,ASHOKNAGAR,31436,2198,0,8283,41918,2096,39822,20075.63,1790.24,21865.91,1907.83,17570.01,54.91,
2017,BADWANI,43282.48,2592.54,0,28779.87,74654.89,3879.36,70775.53,35659.06,3334.09,38993.26,3620.9,31065.78,55.09,
2017,BALAGHAT,79825,4033,5577,2732,94595,5077,89518,11760.05,3528.94,15288.99,3986,73242.72,17.08,
2017,BETUL,87832.29,4914.79,15543.34,17950.96,126241.38,6569.6,119671.78,65907.71,3078.94,68986.65,3380.83,49921.41,57.65,
2017,BHIND,58262.08,1354.22,5577,14175.95,76125.08,3806.22,72318.86,23214.79,2811.96,26026.74,3480.21,45202.07,35.99,
2017,BHOPAL,28779,4565,0,5604,38948,1947,37001,23462,2493,25955,2493,10672.05,70.15,
2017,BURHANPUR,31137.27,1167.14,0,5827.37,38131.78,2118.41,36013.37,22765.41,1437.19,24202.6,1590.32,11442.06,67.2,
2017,CHHATARPUR,80722.05,4192.27,0,18549.74,103464.06,4971.03,98493.03,57599.72,3173.96,60773.92,3499.38,36917.85,61.7,
2017,CHHINDWARA,90989,3878,11903.79,12802,119572.79,6221,113351.79,58651,3924,62575,4272,49840.19,55.2,
2017,DAMOH,29884.61,2032.92,0,8963.43,40880.96,2597.49,38283.47,19581.66,2697.66,22279.32,3113.47,15183.68,58.2,
2017,DATIA,29126.08,755.83,0,6694.67,36576.58,1828.82,34747.76,12584.03,1371.08,13955.1,1454.96,20503.11,40.16,
2017,DEWAS,65191.87,3163.86,0,14705.92,83061.65,4316.48,78745.17,62446.51,3879.09,66325.6,4119.22,14017.33,84.23,
2017,DHAR,82177,5498,0,32342,120017,6799.36,113217.64,73000.19,4988.38,77988.57,5934.85,40215.12,68.88,
2017,DINDORI,33793,122,4682.05,417,39014.05,2606,36408.05,2076,1633,3709,1908,32179.1,10.19,
2017,GUNA,69841.94,4281.77,0,13680.39,87804.1,4390.33,83413.77,43898.77,2226.04,46124.79,2672.3,36508.81,55.3,
2017,GWALIOR,51556,8152,1359,17709,78776,3939,74837,18890.59,3457.59,22348.18,4202,51225.77,29.86,
2017,HARDA,32120,2853,0,15692,50665,2533,48132,13795,1107,14902,1199,32971.95,30.96,
2017,HOSHANGABAD,124441,11000,0,61145,196586,9804,186782,39817,1863,41680,2277,144408.55,22.31,
2017,INDORE,37608,7091,0,13193,57892,2895,54997,57544,6596.6,64140.6,7098,3143.9,116.63,
2017,JABALPUR,58987,3628,1070,6659,70344,3521,66823,25607,2773,28380,2980,37820.05,42.47,
2017,JHABUA,20865.68,792.98,0,2383.08,24041.74,1810.78,22230.96,10039.47,2682.79,12722.26,2870.1,8918.97,57.23,
2017,KATNI,30701,1768,0,4767,37236,1851,35385,13957,2507,16464,3318,17733.95,46.53,
2017,KHANDWA,52810.07,2736.45,0,51211.66,106758.18,5692.65,101065.53,40713.16,2650.66,43364.22,3334.75,56620.02,42.91,
2017,KHARGONE,63680.41,3341.48,0,66590.74,133612.63,6908.76,126703.87,42281.12,3904.14,46185.25,4547.21,79300.94,36.45,
2017,MANDLA,44442.5,863.23,6575.45,3858.74,55739.92,5830,49909.92,6430,2437.35,8867.3,2835.61,40278.74,17.77,
2017,MANDSAUR,46559.88,2784.63,0,12095.16,61439.67,3071.98,58367.69,57087.86,3156.84,60244.7,3660.06,1695.81,103.22,
2017,MORENA,49923.96,970,0,20804,71697.96,3584,68113.96,19604,4620,24224,9536,38280.96,35.56,
2017,NARSINGHPUR,104397.95,3255.17,0,16195.49,123848.61,6235.34,117630.22,72389.65,2112.1,74501.75,2232.21,42674.6,63.34,
2017,NEEMUCH,30833.06,4035.45,0,8165.63,43034.14,2151.7,40882.44,34006.48,1742.06,35748.54,1876.26,4738.38,87.44,
2017,PANNA,41228.77,1014.41,0,5383.68,47626.86,2661.47,44965.39,14260.46,2150.39,16410.86,2721.23,27661.64,36.5,
2017,RAISEN,76591.69,3257.56,0,9480.92,89330.17,4466.52,84863.65,40757.16,3639.13,44396.28,3835.69,39724.94,52.31,
2017,RAJGARH,71944.38,4439.74,0,12575.05,88959.17,4447.96,84511.21,66974.15,3565.54,70539.68,3666.63,13335.61,83.47,
2017,RATLAM,58567.66,5881.47,0,20690.64,85139.77,4257,80882.77,99287.2,3135.95,102423.17,4613.04,2764.16,126.63,
2017,REWA,46107.2,2699.16,1439.82,12228.54,62474.72,3431.58,59043.14,21734.56,4848.08,26582.62,4663.29,31918.09,45.02,
2017,SAGAR,91016,3616.4,0,14760.87,109393.27,5947,103446.27,56953.05,3362.7,60315.75,4987.42,41001.42,58.31,
2017,SATNA,45101.95,3168.33,3467.63,12970.38,64708.29,3289.04,61419.25,37639.1,4221.07,41860.17,4676.97,18470.02,68.15,
2017,SEHORE,58466.39,3656.46,0,12451.74,74574.59,3729.73,70844.86,41495.49,2369.69,43865.18,2813.85,26180.07,61.92,
2017,SEONI,67485,1761,3520.7,5865,78631.7,4240,74391.7,25682,2987,28669,3195,45066.65,38.54,
2017,SHAHDOL,47145.5,245.02,7371.51,1030.88,55792.91,3064.5,52728.41,2681.56,2081.48,4763,2182.44,47552.21,9.03,
2017,SHAJAPUR,46005.31,2920.61,0,9661.5,58587.42,2929.38,55658.04,55071.97,1989.06,57061.03,2117.11,3557.82,102.52,
2017,SHEOPUR,33569.28,781.99,0,18725.66,53076.93,4755.28,48321.65,15637.03,1739.31,17376.34,1654.47,30769.25,35.96,
2017,SHIVPURI,60904.53,3342.89,0,13694.96,77942.38,4491.02,73451.36,47078.63,3753.01,50831.63,4098.21,21721.9,69.2,
2017,SIDHI,27743.1,838.69,3545.53,1960.96,34088.28,1828.8,32259.48,6948.3,2515.73,9464,2632.73,22301.11,29.34,
2017,SINGRAULI,36463.69,722.85,0,2228.05,39414.59,2182.55,37232.04,8283.15,2189.76,10472.9,2052.44,26567.99,28.13,
2017,TIKAMGARH,39812.81,3058.72,0,11114.48,53986.01,2699.3,51286.71,33793.39,3619.96,37413.48,5606.97,11343.43,72.95,
2017,UJJAIN,71197.3,4816.38,0,18792.33,94806.01,4740.31,90065.7,85334.3,3241.58,88575.88,6368.19,9098.41,98.35,
2017,UMARIA,40067,377,5916.66,948.4,47309.06,2498.5,44810.56,4059.1,1366.71,5425.8,1426.4,39120.06,12.11,
2017,VIDISHA,78864.5,2598.18,0,11755.17,93217.85,4660.9,88556.95,49331.56,3132.51,52464.67,3803.35,34952.11,59.24,
2020,AGAR MALWA,33138.64,2590.2,0,9681.3,45410.14,4382.3,41027.84,38041.29,0,1593.66,39634.97,1766.32,4711.45,96.61
2020,ALIRAJPUR,19981.86,1058.6,0,2063.07,23103.53,1776.22,21327.31,6306.57,0,2189.07,8495.65,2548.66,12472.07,39.83
2020,ANUPPUR,36011.33,319.95,2853.65,1245.99,40430.92,2695.93,37734.99,6038.97,0,1512.23,7551.2,1623.03,30072.99,20.01
2020,ASHOKNAGAR,28905.41,2075.65,0,7824.77,38805.83,3103.98,35701.85,20681.54,0,1746.69,22428.24,1927.85,13092.45,62.82
2020,BALAGHAT,81686.5,1957.93,290.51,2791.18,86726.12,8672.64,78053.48,12464.29,0,3597.17,16061.44,3889.78,61699.41,20.58
2020,BARWANI,34944.34,3415.72,0,18550.63,56910.69,5165.15,51745.54,33147.22,0,3491.24,36638.47,3939.54,19221.59,70.81
2020,BETUL,102040.17,3612.4,0,16046.71,121699.28,8221.47,113477.81,46816.25,0,3753.32,50569.58,4105.82,62555.74,44.56
2020,BHIND,80922.82,1574.22,0,15453.78,97950.82,9204.22,88746.59,25344.54,0,3414.4,28758.94,3758.17,59643.88,32.41
2020,BHOPAL,30342.01,2622.81,0,6942.84,39907.66,3042.37,36865.29,23436.86,0,3579.55,27016.42,4087.34,9341.08,73.28
2020,BURHANPUR,30054.26,2541.78,264.63,7412.93,40273.6,2929.68,37343.92,22112.22,0,1469.58,23581.82,1665.18,13566.5,63.15
2020,CHHATARPUR,65844.51,4269.32,0,16628.35,86742.18,6288.59,80453.59,50832.41,0,2952.35,53784.73,3323.15,26298.06,66.85
2020,CHHINDWARA,87803.07,3866.38,600.33,12436.85,104706.63,5919.69,98786.94,53283.55,0,5792.71,59076.21,6149.52,39353.93,59.8
2020,DAMOH,31619.92,2050.39,0,9173.22,42843.53,3545.25,39298.28,19443.36,0,2988.54,22431.87,3295.52,16559.44,57.08
2020,DATIA,36352.9,730.38,0,6722.3,43805.58,3037.44,40768.14,12664.84,0,1678.34,14343.2,1894.54,26208.75,35.18
2020,DEWAS,66496.05,4935.92,0,15466.15,86898.12,6096.06,80802.06,60554.71,25.35,4104.7,64684.74,4579.59,16963.5,80.05
2020,DHAR,84490.43,7124.47,0,22699.4,114314.3,9401.24,104913.07,77390.91,0,5739.37,83130.27,6648.4,32426.91,79.24
2020,DINDORI,40499.2,141.01,301.21,500.43,41441.85,2604.84,38837.01,2377.6,0,1754.34,4131.95,1986.42,34472.98,10.64
2020,GUNA,60581.42,4283.83,0,14725.3,79590.55,4324.69,75265.86,47286.67,0,2408.17,49694.84,2715.98,25263.21,66.03
2020,GWALIOR,53338.95,8182.71,0,18809.43,80331.09,6641.99,73689.1,17955.82,0,3756.7,21712.52,4376.51,51729.54,29.47
2020,HARDA,33125.19,2883.56,0,15865.43,51874.18,5187.43,46686.75,14704.63,0,1183.32,15887.95,1330.85,30651.27,34.03
2020,HOSHANGABAD,129279.31,11449.3,0,66364.78,207093.39,12074.2,195019.19,39144.71,0,2168.49,41313.17,2355.8,153518.7,21.18
2020,INDORE,37119.3,7338.55,0,15632.8,60090.65,5476.51,54614.14,59179.95,1471.4,8146.08,68797.42,10002.61,2539.19,125.97
2020,JABALPUR,51628.17,3265.54,0,8922.5,63816.21,4819,58997.21,25507.4,6.48,3536.67,29050.55,3956.94,29689.42,49.24
2020,JHABUA,21206.45,1494.72,0,5236.23,27937.4,1703.56,26233.84,10246.94,0,2993.56,13240.51,3548.42,12438.46,50.47
2020,KATNI,33856.39,1363.44,0,4594.03,39813.86,3136.6,36677.26,13378.93,0,2624.73,16003.69,2973.79,20324.5,43.63
2020,KHANDWA,56167.03,4407.81,0,37510.11,98084.95,8047.93,90037.02,40020.29,45.92,2881.48,42947.69,3243.92,46726.88,47.7
2020,KHARGONE,63404.27,5658.22,0,44762.52,113825.01,7863.59,105961.41,41433.83,0,4293.5,45727.33,4743.84,59783.75,43.15
2020,MANDLA,56699.37,871.29,1095.53,4003.84,62670.03,3425.88,59244.15,6908.22,0,2425.78,9334,2690.49,49645.45,15.76
2020,MANDSAUR,47803.06,4507.38,0,14756.06,67066.5,6706.65,60359.85,61437.69,0,3311.25,64748.93,3604.9,2412.5,107.27
2020,MORENA,47301.71,1017.7,0,20826.71,69146.12,5361.48,63784.63,19819.3,0,5581.4,25400.69,6348.42,37719.42,39.82
2020,NARSINGHPUR,102628.63,3571.16,0,15637.83,121837.62,8296.36,113541.26,70217.32,0,2263.17,72480.48,2452.96,40870.98,63.84
2020,NEEMUCH,29881.06,4282.92,0,8391.84,42555.82,4255.57,38300.25,33497.06,0,1893.07,35390.12,2063.71,3215.25,92.4
2020,PANNA,57402.37,1283.65,0,6047.5,64733.52,6473.35,58260.17,15444.08,0,2363.99,17808.08,2635.57,40180.52,30.57
2020,RAISEN,76289.29,3279.07,0,9587.61,89155.97,7206.76,81949.21,39617.81,650,3227.11,43494.9,3646.89,38034.53,53.08
2020,RAJGARH,65411.49,3848.31,0,13198.21,82458.01,4954.26,77503.75,61546.56,0,3873.19,65419.73,4534.9,11422.31,84.41
2020,RATLAM,54572.43,7036.13,0,22822.5,84431.06,8108.4,76322.66,103519.66,208,4014.22,107741.87,6066.1,1491.06,141.17
2020,REWA,42008.7,1835.61,273.82,8259.36,52377.49,4009.86,48367.63,21032.59,173.74,5346.46,26552.8,6185.05,20976.23,54.9
2020,SAGAR,91071.07,3614.96,0,14072.96,108758.99,8828.73,99930.26,56586.75,0,3645.88,60232.63,4089.76,39253.76,60.27
2020,SATNA,51079.31,2498.19,1006.14,10349,64932.64,5640.78,59291.86,33693.62,0,4544.75,38238.38,5077.31,23649.88,64.49
2020,SEHORE,54332.97,3470.08,0,11992.9,69795.95,4608.14,65187.81,38035.12,0,2365.6,40400.72,2605.78,24992.51,61.98
2020,SEONI,62350.77,1951.24,2242.88,5957.79,72502.68,4252.85,68249.83,22485.01,0,3136.8,25621.81,3485.41,42279.41,37.54
2020,SHAHDOL,45582.48,368.6,1595.85,1329.18,48876.11,4887.61,43988.5,4944.24,0,2157.66,7101.91,2384.54,36659.72,16.14
2020,SHAJAPUR,42405.42,3246.09,0,11150.46,56801.97,3551.76,53250.21,54079.84,0,2098.73,56178.57,2288.53,2798.52,105.5
2020,SHEOPUR,35918.59,963.24,0,19248.01,56129.84,4957.24,51172.6,17631.34,0,1719.3,19350.64,1968.51,31572.74,37.81
2020,SHIVPURI,62089.34,3662.39,0,14689.65,80441.38,5712.34,74729.04,48093.48,0,4394.96,52488.42,5022.47,21613.11,70.24
2020,SIDHI,47076.52,795.32,667.28,2711.05,51250.17,3756.37,47493.79,8506.79,0,2518.87,11025.68,2894.9,36092.08,23.21
2020,SINGRAULI,33344.8,790.04,0,2636.16,36771,2717.35,34053.65,10858.41,0,2174.35,13032.75,2568.08,20627.17,38.27
2020,TIKAMGARH,47166.79,3180.52,0,11632.9,61980.21,5618.82,56361.39,36393.46,0,3841.62,40235.06,5083.16,14884.79,71.39
2020,UJJAIN,73764.02,5627.8,0,20805.98,100197.8,8396.96,91800.84,92923.58,28.84,3517.88,96470.3,3859.19,9505.3,105.09
2020,UMARIA,42947.39,559.13,811.73,1768.1,46086.35,4608.62,41477.73,8591.38,0,1480.99,10072.37,1714.96,31171.39,24.28
2020,VIDISHA,75288.67,2711.94,0,12747.24,90747.85,6394.74,84353.11,47660.09,0,3576.55,51236.64,4027.89,32665.13,60.74
2022,AGAR MALWA,31776.82,2422.56,0,9006.29,43205.67,3120,40085.67,34666.65,1.95,1642.32,36310.9,1766.32,6452.45,90.58
2022,ALIRAJPUR,17686.87,653.24,0,1724.58,20064.69,1481.88,18582.81,6722.33,0,1880.47,8602.79,2049.42,9811.08,46.29
2022,ANUPPUR,27355.5,112.58,2107.1,313.19,29888.37,1883.83,28004.54,1483.55,3024.63,1545.72,6053.9,1623.03,21873.33,21.62
2022,ASHOKNAGAR,29505.48,2117.15,0,7988.11,39610.74,3206.13,36404.61,21381.39,1.39,1798.37,23181.16,1927.85,13093.97,63.68
2022,BALAGHAT,69939.69,3740.36,224.2,2938.53,76842.78,6056.86,70785.92,12657.22,241.32,3806.15,16704.73,4018.37,53868.98,23.6
2022,BARWANI,33850.42,3477.79,0,19163.66,56491.87,4177.27,52314.59,33377.29,37.99,3650.65,37065.94,4139.91,19653.95,70.85
2022,BETUL,89403.25,3393.8,1011,13368.09,107176.14,7931.53,99244.6,44632.8,162.06,3680.45,48475.3,3917.52,50532.22,48.84
2022,BHIND,80016.45,1911.58,0,17968.21,99896.24,8601.9,91294.34,25560.23,99.48,3513.13,29172.84,3758.17,61876.46,31.95
2022,BHOPAL,32718.14,2401.7,0,6591.06,41710.9,2848.89,38862.01,23916.38,679.14,5011.46,29606.96,5584.57,8681.94,76.18
2022,BURHANPUR,27520.45,2499.47,264.63,7100.11,37384.66,2778.96,34605.71,21940.49,35.07,1699.23,23674.78,1859.14,10771.02,68.41
2022,CHHATARPUR,66519.26,4966.39,0,17202.7,88688.35,7222.7,81465.66,49738.65,79.68,3054.48,52872.8,3324.12,28467.72,64.9
2022,CHHINDWARA,87998.93,4149.61,604.31,13311.65,106064.5,6990.72,99073.78,55777.43,556.56,5331.68,61665.69,5674.98,37064.8,62.24
2022,DAMOH,27821.98,1994.76,0,8999.24,38815.98,2738.83,36077.15,18559.59,298.68,2298.4,21156.64,2735.18,14483.71,58.64
2022,DATIA,35693.41,775.09,0,7149.88,43618.38,3314.09,40304.29,12811.18,29.57,1737.15,14577.93,1894.54,25568.97,36.17
2022,DEWAS,65335.06,5260.95,0,15701.57,86297.58,5592.73,80704.84,60357.41,88.94,4235.37,64681.73,4579.59,18107.71,80.15
2022,DHAR,86011.31,6889.43,0,45143.46,138044.2,9402.42,128641.78,77091.59,611.86,5959.37,83662.84,6648.4,55506.34,65.04
2022,DINDORI,33408.08,137.49,288.23,488.57,34322.37,1716.11,32606.26,2316.18,0,1817.05,4133.23,1986.42,28303.68,12.68
2022,GUNA,62986.72,4265.53,0,14776.4,82028.65,5371.44,76657.21,47608.79,75.79,2491.29,50175.9,2715.98,26256.62,65.45
2022,GWALIOR,55528.25,7726.72,0,18023.66,81278.63,6407.79,74870.84,18052.15,463.04,5380.65,23895.85,6003.22,50352.41,31.92
2022,HARDA,28135.61,2912.01,0,15854.95,46902.57,3989.89,42912.68,14405.04,16.17,1223.77,15644.99,1330.85,27160.61,36.46
2022,HOSHANGABAD,127456.41,7473.28,0,41150.61,176080.3,14464.56,161615.74,40065.19,9.12,2223.77,42298.05,2355.8,119185.67,26.17
2022,INDORE,41531.29,4325.2,0,12416.4,58272.89,5272.94,52999.95,54421.57,1639.6,7692.68,63753.84,8966.3,2391.77,120.29
2022,JABALPUR,52553.45,3137.8,0,8649.18,64340.43,4613.64,59726.79,25147.29,375.9,5721.46,31244.65,6466.18,28300.73,52.31
2022,JHABUA,19325.56,1138.49,0,4607.66,25071.71,1722.79,23348.92,8063.29,1.85,2748.67,10813.8,3147.85,12135.94,46.31
2022,KATNI,33540.81,1637.48,0,4560.65,39738.94,2502.2,37236.74,14014.73,782.62,2739.34,17536.65,2996.11,19443.33,47.1
2022,KHANDWA,57457.18,4169.68,0,52628.34,114255.2,8884.35,105370.85,40541.57,53.99,2977.29,43572.82,3243.92,61531.41,41.35
2022,KHARGONE,54615.2,5667.27,0,36845.16,97127.63,5028.26,92099.37,37725.95,162.74,4247.83,42136.5,4648.28,49562.4,45.75
2022,MANDLA,40583.29,881.38,865.06,4000.27,46330,2739.31,43590.69,7008.26,0.8,2500.57,9509.63,2690.49,33891.15,21.82
2022,MANDSAUR,47747.59,6768.52,0,17841.42,72357.53,7235.74,65121.79,63718.33,27.99,3423.61,67169.93,3617.52,7104.73,103.15
2022,MORENA,50113.45,1178.17,0,17666.63,68958.25,5762.03,63196.22,19963.18,691.53,5781.16,26435.82,6348.42,36193.14,41.83
2022,NARSINGHPUR,100963.9,3189.41,0,15963.13,120116.44,9312.82,110803.62,72947.95,0,2319.45,75267.39,2452.96,35402.71,67.93
2022,NEEMUCH,28918.55,2208.63,0,7870.98,38998.16,3899.81,35098.35,34072.98,29.85,1748.39,35851.23,1846.2,2431.96,102.15
2022,NIWARI,14439.98,1238.22,0,3836.99,19515.19,1514.17,18001.02,11520.12,5.79,1099.21,12625.12,1339.31,5135.8,70.14
2022,PANNA,47301.36,1304.77,0,6086.81,54692.94,5091.49,49601.45,15770.99,97.86,2439.88,18308.74,2635.57,31097.02,36.91
2022,RAISEN,78466.31,3449.94,0,10280.27,92196.52,7045.91,85150.61,42627.95,532.64,3354.24,46514.82,3727.52,38262.51,54.63
2022,RAJGARH,71600.81,4461.36,0,15643.07,91705.24,4585.26,87119.98,73778.17,0.81,4038.24,77817.23,4534.9,9806.02,89.32
2022,RATLAM,54340.5,7111.07,0,22676.75,84128.32,8047.49,76080.83,99438.31,41.35,4304.82,103784.48,6066.1,1949,136.41
2022,REWA,44896.83,1840.38,283.37,7162.94,54183.52,4697.22,49486.3,21403.04,185.73,5561.24,27149.99,6185.05,21712.5,54.86
2022,SAGAR,93233.55,3913.18,0,14488.99,111635.72,8451.49,103184.22,56806.95,80.78,3753.9,60641.65,4089.76,42206.71,58.77
2022,SATNA,54387.41,2327.9,1151.73,13900.15,71767.19,5254.69,66512.51,37758.15,108.38,4692.9,42559.47,5077.31,25653.71,63.99
2022,SEHORE,55667.23,3541.16,0,14219.47,73427.86,6243.1,67184.76,38894.5,117.47,2484.78,41496.74,2714.97,25502.91,61.77
2022,SEONI,64628.13,2002.3,2284.48,6369.1,75284.01,5658.51,69625.5,24964.82,3.08,3278.8,28246.69,3532.72,41124.89,40.57
2022,SHAHDOL,52740.68,308.23,1305.53,1114.55,55468.99,3079.42,52389.57,3124.57,1485.11,2274.39,6884.07,2440.47,45339.41,13.14
2022,SHAJAPUR,41656.19,3173.45,0,10898.85,55728.49,4233.15,51495.34,52782.83,54.55,2154.29,54991.68,2288.53,2296.98,106.79
2022,SHEOPUR,32266.67,1132.8,0,11512.19,44911.66,3560.13,41351.53,16743.16,44.79,1784.97,18572.93,1968.51,22595.05,44.91
2022,SHIVPURI,66972.23,3699.46,0,14908.13,85579.82,7104.52,78475.3,48288.67,40.59,4585.16,52914.4,5048.85,25097.21,67.43
2022,SIDHI,29499.26,763.78,392.3,2801.76,33457.1,2545.01,30912.09,7552.41,806.57,2854.72,11213.69,3157.52,19395.6,36.28
2022,SINGRAULI,31486.31,705.09,0,2386.89,34578.29,1728.91,32849.38,8979.76,2714.6,2601.11,14295.48,2945.75,18209.26,43.52
2022,TIKAMGARH,28852.25,2536.53,0,8216.17,39604.95,3481.57,36123.38,26734.19,0,2984.52,29718.71,3746.52,5642.67,82.27
2022,UJJAIN,72670.78,5764.4,0,21493.06,99928.24,8326.69,91601.55,95485.93,32.92,3842.94,99361.77,4104.22,9318.59,108.47
2022,UMARIA,33759.58,392.98,659.44,1008.87,35820.87,3582.1,32238.77,4294.94,539.84,1541.24,6376.02,1714.96,25689.02,19.78
2022,VIDISHA,74532.36,2896.03,0,13418.94,90847.33,5977,84870.33,51046,0.15,3906.85,54952.98,4260.54,29563.66,64.75
